<profile version="1.0">
  <option name="myName" value="Default" />
  <inspection_tool class="Eslint" enabled="true" level="WARNING" enabled_by_default="true" />
  <inspection_tool class="PyPackageRequirementsInspection" enabled="true" level="WARNING" enabled_by_default="true">
    <option name="ignoredPackages">
      <value>
        <list size="20">
          <item index="0" class="java.lang.String" itemvalue="scikit-image" />
          <item index="1" class="java.lang.String" itemvalue="scipy" />
          <item index="2" class="java.lang.String" itemvalue="matplotlib" />
          <item index="3" class="java.lang.String" itemvalue="pillow" />
          <item index="4" class="java.lang.String" itemvalue="torch" />
          <item index="5" class="java.lang.String" itemvalue="numpy" />
          <item index="6" class="java.lang.String" itemvalue="urllib3" />
          <item index="7" class="java.lang.String" itemvalue="torchvision" />
          <item index="8" class="java.lang.String" itemvalue="thop" />
          <item index="9" class="java.lang.String" itemvalue="opencv-python" />
          <item index="10" class="java.lang.String" itemvalue="PyYAML" />
          <item index="11" class="java.lang.String" itemvalue="ipython" />
          <item index="12" class="java.lang.String" itemvalue="requests" />
          <item index="13" class="java.lang.String" itemvalue="psutil" />
          <item index="14" class="java.lang.String" itemvalue="tqdm" />
          <item index="15" class="java.lang.String" itemvalue="pandas" />
          <item index="16" class="java.lang.String" itemvalue="tensorboard" />
          <item index="17" class="java.lang.String" itemvalue="seaborn" />
          <item index="18" class="java.lang.String" itemvalue="gitpython" />
          <item index="19" class="java.lang.String" itemvalue="Pillow" />
        </list>
      </value>
    </option>
  </inspection_tool>
</profile>