<application>
  <component name="FileTypeManager" version="18">
    <ignoreFiles list="*$py.class;*.pyc;*.pyo;*.rbc;*.yarb;*~;.DS_Store;.git;.hg;.svn;CVS;__pycache__;_svn;vssver.scc;vssver2.scc" />
    <extensionMap>
      <removed_mapping ext="app" approved="true" type="Erlang/OTP app" />
      <removed_mapping ext="config" approved="true" type="XML" />
      <removed_mapping ext="md" approved="true" type="XML" />
      <removed_mapping ext="permissionset" approved="true" type="XML" />
      <removed_mapping ext="profile" approved="true" type="XML" />
    </extensionMap>
  </component>
</application>