<application>
  <component name="SshConfigs">
    <configs>
      <sshConfig authType="PASSWORD" connectionConfig="{&quot;serverAliveInterval&quot;:300}" host="region-8.seetacloud.com" id="bd365063-03af-4ca0-b7d7-9b73495e7d0f" port="12611" nameFormat="DESCRIPTIVE" username="root" />
      <sshConfig authType="PASSWORD" connectionConfig="{&quot;serverAliveInterval&quot;:300}" host="112.47.35.97" id="f22a99ca-a39d-4951-beff-fe18c0c1e90e" port="24550" nameFormat="DESCRIPTIVE" username="root" />
      <sshConfig authType="PASSWORD" connectionConfig="{&quot;serverAliveInterval&quot;:300}" host="region-9.seetacloud.com" id="b2298168-c7f5-417b-90d4-062589457267" port="29149" nameFormat="DESCRIPTIVE" username="root" />
      <sshConfig authType="PASSWORD" connectionConfig="{&quot;serverAliveInterval&quot;:300}" host="region-9.seetacloud.com" id="358132b0-8236-4069-a105-228ef355b7f9" port="19541" nameFormat="DESCRIPTIVE" username="root" />
      <sshConfig authType="PASSWORD" connectionConfig="{&quot;serverAliveInterval&quot;:300}" host="region-9.seetacloud.com" id="9a3022be-f934-4c97-ba89-dff08c142d61" port="32533" nameFormat="DESCRIPTIVE" username="root" />
      <sshConfig authType="PASSWORD" connectionConfig="{&quot;serverAliveInterval&quot;:300}" host="region-9.seetacloud.com" id="de47c5e2-bfee-4575-a6bf-cd957650981a" port="28395" nameFormat="DESCRIPTIVE" username="root" />
      <sshConfig authType="PASSWORD" connectionConfig="{&quot;serverAliveInterval&quot;:300}" host="region-9.seetacloud.com" id="33f7bf0f-d059-470b-bcb4-6565802772f0" port="25549" nameFormat="DESCRIPTIVE" username="root" />
      <sshConfig authType="PASSWORD" connectionConfig="{&quot;serverAliveInterval&quot;:300}" host="region-9.seetacloud.com" id="0d4351a9-a388-4669-9704-098a0767f3d5" port="20917" nameFormat="DESCRIPTIVE" username="root" />
      <sshConfig authType="PASSWORD" connectionConfig="{&quot;serverAliveInterval&quot;:300}" host="region-9.seetacloud.com" id="a5db2b7c-cc93-427b-84c5-b0da2adb00b4" port="52146" nameFormat="DESCRIPTIVE" username="root" />
      <sshConfig authType="PASSWORD" connectionConfig="{&quot;serverAliveInterval&quot;:300}" host="zifuture.com" id="3719408a-da65-41d0-a7d4-86db940ae3b1" port="51598" nameFormat="DESCRIPTIVE" username="root" />
    </configs>
  </component>
</application>