<application>
  <component name="WebServers">
    <option name="servers">
      <webServer id="adc615b0-c5ed-4ee1-a661-0b551700efe1" name="root@region-8.seetacloud.com:12611" url="http:///">
        <fileTransfer rootFolder="/root" accessType="SFTP" host="region-8.seetacloud.com" port="12611" sshConfigId="bd365063-03af-4ca0-b7d7-9b73495e7d0f" sshConfig="root@region-8.seetacloud.com:12611 password" />
      </webServer>
      <webServer id="c71989e3-47aa-40ee-8cbb-e537552ab5f8" name="root@region-8.seetacloud.com:12611 (2)" url="http:///">
        <fileTransfer accessType="SFTP" host="region-8.seetacloud.com" port="12611" sshConfigId="bd365063-03af-4ca0-b7d7-9b73495e7d0f" sshConfig="root@region-8.seetacloud.com:12611 password" />
      </webServer>
      <webServer id="55535b9d-a5f0-4949-9b13-4d8d8ab02063" name="root@region-8.seetacloud.com:12611 (3)" url="http:///">
        <fileTransfer accessType="SFTP" host="region-8.seetacloud.com" port="12611" sshConfigId="bd365063-03af-4ca0-b7d7-9b73495e7d0f" sshConfig="root@region-8.seetacloud.com:12611 password" />
      </webServer>
      <webServer id="d08fe245-681e-45a2-be85-3168444d7838" name="root@region-8.seetacloud.com:12611 (4)" url="http:///">
        <fileTransfer accessType="SFTP" host="region-8.seetacloud.com" port="12611" sshConfigId="bd365063-03af-4ca0-b7d7-9b73495e7d0f" sshConfig="root@region-8.seetacloud.com:12611 password" />
      </webServer>
      <webServer id="60b318ef-77b3-4a8e-8bb8-68545f55cbc0" name="root@region-8.seetacloud.com:12611 (5)" url="http:///">
        <fileTransfer accessType="SFTP" host="region-8.seetacloud.com" port="12611" sshConfigId="bd365063-03af-4ca0-b7d7-9b73495e7d0f" sshConfig="root@region-8.seetacloud.com:12611 password" />
      </webServer>
      <webServer id="5d0ca09d-f1c2-420c-b3de-009ab4c884c1" name="root@112.47.35.97:24550" url="http:///">
        <fileTransfer rootFolder="/root" accessType="SFTP" host="112.47.35.97" port="24550" sshConfigId="f22a99ca-a39d-4951-beff-fe18c0c1e90e" sshConfig="root@112.47.35.97:24550 password" />
      </webServer>
      <webServer id="85b48679-5360-49b4-80fb-8e8f588268bb" name="root@region-9.seetacloud.com:29149" url="http:///">
        <fileTransfer rootFolder="/root/defect_detection" accessType="SFTP" host="region-9.seetacloud.com" port="29149" sshConfigId="b2298168-c7f5-417b-90d4-062589457267" sshConfig="root@region-9.seetacloud.com:29149 password" />
      </webServer>
      <webServer id="1bbd186f-763b-4d32-8479-c4b1402492b6" name="root@region-9.seetacloud.com:19541" url="http:///">
        <fileTransfer accessType="SFTP" host="region-9.seetacloud.com" port="19541" sshConfigId="358132b0-8236-4069-a105-228ef355b7f9" sshConfig="root@region-9.seetacloud.com:19541 password" />
      </webServer>
      <webServer id="c500809e-00ca-4259-b1b1-efd1623a3f08" name="root@region-9.seetacloud.com:32533" url="http:///">
        <fileTransfer accessType="SFTP" host="region-9.seetacloud.com" port="32533" sshConfigId="9a3022be-f934-4c97-ba89-dff08c142d61" sshConfig="root@region-9.seetacloud.com:32533 password" />
      </webServer>
      <webServer id="a5736075-d40b-4b29-80a4-cd33eb4f5f9a" name="root@region-9.seetacloud.com:28395" url="http:///">
        <fileTransfer accessType="SFTP" host="region-9.seetacloud.com" port="28395" sshConfigId="de47c5e2-bfee-4575-a6bf-cd957650981a" sshConfig="root@region-9.seetacloud.com:28395 password" />
      </webServer>
      <webServer id="c5c2c5ac-782c-476c-9474-07fe97709303" name="root@region-9.seetacloud.com:25549" url="http:///">
        <fileTransfer accessType="SFTP" host="region-9.seetacloud.com" port="25549" sshConfigId="33f7bf0f-d059-470b-bcb4-6565802772f0" sshConfig="root@region-9.seetacloud.com:25549 password" />
      </webServer>
      <webServer id="b7dc763f-9759-4174-be00-7df12469e64c" name="root@region-9.seetacloud.com:20917" url="http:///">
        <fileTransfer accessType="SFTP" host="region-9.seetacloud.com" port="20917" sshConfigId="0d4351a9-a388-4669-9704-098a0767f3d5" sshConfig="root@region-9.seetacloud.com:20917 password" />
      </webServer>
      <webServer id="93af65a9-3c57-42b6-bf2d-77ec6b9e4051" name="root@region-9.seetacloud.com:52146" url="http:///">
        <fileTransfer accessType="SFTP" host="region-9.seetacloud.com" port="52146" sshConfigId="a5db2b7c-cc93-427b-84c5-b0da2adb00b4" sshConfig="root@region-9.seetacloud.com:52146 password" />
      </webServer>
      <webServer id="1c68245b-08e0-4d46-a5af-b2ca26c54300" name="root@region-9.seetacloud.com:52146 (2)" url="http:///">
        <fileTransfer accessType="SFTP" host="region-9.seetacloud.com" port="52146" sshConfigId="a5db2b7c-cc93-427b-84c5-b0da2adb00b4" sshConfig="root@region-9.seetacloud.com:52146 password" />
      </webServer>
      <webServer id="c1d07a08-c943-4819-a48c-ef950296b6d5" name="root@region-9.seetacloud.com:52146 (3)" url="http:///">
        <fileTransfer accessType="SFTP" host="region-9.seetacloud.com" port="52146" sshConfigId="a5db2b7c-cc93-427b-84c5-b0da2adb00b4" sshConfig="root@region-9.seetacloud.com:52146 password" />
      </webServer>
      <webServer id="779abcf5-3fb2-4396-ab3e-6b9e24278749" name="root@zifuture.com:51598" url="http:///">
        <fileTransfer accessType="SFTP" host="zifuture.com" port="51598" sshConfigId="3719408a-da65-41d0-a7d4-86db940ae3b1" sshConfig="root@zifuture.com:51598 password" />
      </webServer>
    </option>
  </component>
</application>